接触,0.701492537,积极
独立,0.707482993,积极
组织,0.727272727,积极
实施,0.736842105,积极
溅射,0.742331732,积极
低估,0.75,积极
正名,0.75,积极
警示,0.75,积极
参与,0.75,积极
埋单,0.754049649,积极
研究,0.812154696,积极
净化,0.875,积极
不禁,0.973684211,积极
确保,0.066666667,消极
声称,0.090909091,消极
声名狼藉,0.101153864,消极
斑斑,0.105263158,消极
劣迹,0.130472551,消极
挂靠,0.142857143,消极
预计,0.166666667,消极
去污,0.179651896,消极
确认,0.221105528,消极
排放,0.25,消极
排放,0.25,消极
排放,0.25,消极
暴露,0.294117647,消极
启动,0.310679612,消极
启动,0.310679612,消极
质疑,0.32,消极
降到,0.326923077,消极
污染,0.25,消极
说瞎话,0.365725693,消极
紧急,0.384615385,消极
协调,0.411764706,消极
评价,0.427983539,消极
不顾,0.428571429,消极
缺乏,0.445544554,消极
绝不,0.45,消极
发布,0.454545455,消极
长期有效,0.454545455,消极
检查,0.457943925,消极
负责,0.461538462,消极
管理,0.464285714,消极
自私自利,0.478105055,消极
尚无,0.496227927,消极
